Algorithm,ROC_Area,PRC_Area,F1_Score,Accuracy
MLP_CLASSIFIER_2,1,1,0.278021577872,0.349914236707
LOGISTIC_REGRESSION,1,1,0.287792488475,0.360205831904
BAYES_NETWORK,1,1,0.317570449807,0.391080617496
NAIVE_BAYES,1,1,0.289539715817,0.36192109777
RANDOM_FOREST,1,1,0.309216828748,0.368782161235
ADABOOST,1,1,0.0966266437965,0.245283018868
