Algorithm,ROC_Area,PRC_Area,F1_Score,Accuracy
MLP_CLASSIFIER_2,1,1,0.328498863313,0.441176470588
LOGISTIC_REGRESSION,1,1,0.752633628582,0.764705882353
BAYES_NETWORK,1,1,0.720978373888,0.735294117647
NAIVE_BAYES,1,1,0.764874797931,0.764705882353
RANDOM_FOREST,1,1,0.64279135996,0.656862745098
ADABOOST,1,1,0.110876854162,0.254901960784
